filename,model,human_ear_time_sig,desired_time_sig,actual_time_sig,correct,prompt_type,prompt_num,run,tempo,confidence
2_4_cultural_1_1.wav,Lyria,2/4,2/4,4/4,FALSE,cultural,1,1,120.0,0.6056
2_4_cultural_1_2.wav,Lyria,2/4,2/4,4/4,FALSE,cultural,1,2,120.0,0.6627
2_4_cultural_1_3.wav,Lyria,2/4,2/4,4/4,FALSE,cultural,1,3,120.0,0.4721
2_4_cultural_1_4.wav,Lyria,2/4,2/4,4/4,FALSE,cultural,1,4,120.0,0.4899
2_4_cultural_1_5.wav,Lyria,2/4,2/4,4/4,FALSE,cultural,1,5,120.0,0.3911
2_4_cultural_2_1.wav,Lyria,2/4,2/4,4/4,FALSE,cultural,2,1,120.0,0.6025
2_4_cultural_2_2.wav,Lyria,2/4,2/4,4/4,FALSE,cultural,2,2,120.0,0.6963
2_4_cultural_2_3.wav,Lyria,2/4,2/4,4/4,FALSE,cultural,2,3,120.0,0.6116
2_4_cultural_2_4.wav,Lyria,2/4,2/4,4/4,FALSE,cultural,2,4,120.0,0.6122
2_4_cultural_2_5.wav,Lyria,2/4,2/4,4/4,FALSE,cultural,2,5,120.0,0.596
2_4_cultural_3_1.wav,Lyria,2/4,2/4,4/4,FALSE,cultural,3,1,130.4,0.5034
2_4_cultural_3_2.wav,Lyria,2/4,2/4,4/4,FALSE,cultural,3,2,130.4,0.6124
2_4_cultural_3_3.wav,Lyria,2/4,2/4,4/4,FALSE,cultural,3,3,130.4,0.7635
2_4_cultural_3_4.wav,Lyria,2/4,2/4,4/4,FALSE,cultural,3,4,130.4,0.7587
2_4_cultural_3_5.wav,Lyria,2/4,2/4,4/4,FALSE,cultural,3,5,120.0,0.4849
2_4_cultural_4_1.wav,Lyria,2/4,2/4,4/4,FALSE,cultural,4,1,120.0,0.4919
2_4_cultural_4_2.wav,Lyria,2/4,2/4,4/4,FALSE,cultural,4,2,120.0,0.6585
2_4_cultural_4_3.wav,Lyria,2/4,2/4,4/4,FALSE,cultural,4,3,120.0,0.609
2_4_cultural_4_4.wav,Lyria,2/4,2/4,4/4,FALSE,cultural,4,4,120.0,0.5512
2_4_cultural_4_5.wav,Lyria,2/4,2/4,4/4,FALSE,cultural,4,5,120.0,0.5514
2_4_cultural_5_1.wav,Lyria,2/4,2/4,4/4,FALSE,cultural,5,1,120.0,0.7249
2_4_cultural_5_2.wav,Lyria,2/4,2/4,4/4,FALSE,cultural,5,2,120.0,0.5764
2_4_cultural_5_3.wav,Lyria,2/4,2/4,3/4,FALSE,cultural,5,3,120.0,0.7201
2_4_cultural_5_4.wav,Lyria,2/4,2/4,3/4,FALSE,cultural,5,4,120.0,0.6191
2_4_cultural_5_5.wav,Lyria,2/4,2/4,4/4,FALSE,cultural,5,5,120.0,0.4446
2_4_formal_1_1.wav,Lyria,2/4,2/4,4/4,FALSE,formal,1,1,120.0,0.4907
2_4_formal_1_2.wav,Lyria,2/4,2/4,4/4,FALSE,formal,1,2,120.0,0.5829
2_4_formal_1_3.wav,Lyria,2/4,2/4,4/4,FALSE,formal,1,3,120.0,0.5403
2_4_formal_1_4.wav,Lyria,2/4,2/4,4/4,FALSE,formal,1,4,120.0,0.6483
2_4_formal_1_5.wav,Lyria,2/4,2/4,4/4,FALSE,formal,1,5,120.0,0.4714
2_4_formal_2_1.wav,Lyria,2/4,2/4,4/4,FALSE,formal,2,1,139.5,0.575
2_4_formal_2_2.wav,Lyria,2/4,2/4,4/4,FALSE,formal,2,2,120.0,0.5744
2_4_formal_2_3.wav,Lyria,2/4,2/4,4/4,FALSE,formal,2,3,162.2,0.5205
2_4_formal_2_4.wav,Lyria,2/4,2/4,4/4,FALSE,formal,2,4,139.5,0.4387
2_4_formal_2_5.wav,Lyria,2/4,2/4,4/4,FALSE,formal,2,5,120.0,0.4483
2_4_formal_3_1.wav,Lyria,2/4,2/4,4/4,FALSE,formal,3,1,120.0,0.4038
2_4_formal_3_2.wav,Lyria,2/4,2/4,4/4,FALSE,formal,3,2,139.5,0.4627
2_4_formal_3_3.wav,Lyria,2/4,2/4,4/4,FALSE,formal,3,3,139.5,0.5894
2_4_formal_3_4.wav,Lyria,2/4,2/4,4/4,FALSE,formal,3,4,157.9,0.4154
2_4_formal_3_5.wav,Lyria,2/4,2/4,4/4,FALSE,formal,3,5,120.0,0.5661
2_4_formal_4_1.wav,Lyria,2/4,2/4,4/4,FALSE,formal,4,1,120.0,0.5011
2_4_formal_4_2.wav,Lyria,2/4,2/4,4/4,FALSE,formal,4,2,120.0,0.5203
2_4_formal_4_3.wav,Lyria,2/4,2/4,4/4,FALSE,formal,4,3,120.0,0.5793
2_4_formal_4_4.wav,Lyria,2/4,2/4,4/4,FALSE,formal,4,4,120.0,0.6507
2_4_formal_4_5.wav,Lyria,2/4,2/4,4/4,FALSE,formal,4,5,120.0,0.493
2_4_formal_5_1.wav,Lyria,2/4,2/4,4/4,FALSE,formal,5,1,120.0,0.4547
2_4_formal_5_2.wav,Lyria,2/4,2/4,4/4,FALSE,formal,5,2,120.0,0.4935
2_4_formal_5_3.wav,Lyria,2/4,2/4,4/4,FALSE,formal,5,3,120.0,0.4564
2_4_formal_5_4.wav,Lyria,2/4,2/4,4/4,FALSE,formal,5,4,120.0,0.5535
2_4_formal_5_5.wav,Lyria,2/4,2/4,4/4,FALSE,formal,5,5,120.0,0.6413
3_4_cultural_1_1.wav,Lyria,2/4,3/4,3/4,TRUE,cultural,1,1,187.5,0.605
3_4_cultural_1_2.wav,Lyria,3/4,3/4,4/4,FALSE,cultural,1,2,120.0,0.6762
3_4_cultural_1_3.wav,Lyria,4/4,3/4,3/4,TRUE,cultural,1,3,142.9,0.4036
3_4_cultural_1_4.wav,Lyria,free,3/4,4/4,FALSE,cultural,1,4,120.0,0.5649
3_4_cultural_1_5.wav,Lyria,3/4,3/4,3/4,TRUE,cultural,1,5,93.7,0.554
3_4_cultural_2_1.wav,Lyria,4/4,3/4,4/4,FALSE,cultural,2,1,120.0,0.3967
3_4_cultural_2_2.wav,Lyria,4/4,3/4,4/4,FALSE,cultural,2,2,139.5,0.6691
3_4_cultural_2_3.wav,Lyria,4/4,3/4,4/4,FALSE,cultural,2,3,139.5,0.4907
3_4_cultural_2_4.wav,Lyria,4/4,3/4,4/4,FALSE,cultural,2,4,139.5,0.3826
3_4_cultural_2_5.wav,Lyria,3/4,3/4,3/4,TRUE,cultural,2,5,139.5,0.5181
3_4_cultural_3_1.wav,Lyria,4/4,3/4,4/4,FALSE,cultural,3,1,120.0,0.6221
3_4_cultural_3_2.wav,Lyria,3/4,3/4,3/4,TRUE,cultural,3,2,120.0,0.5
3_4_cultural_3_3.wav,Lyria,4/4,3/4,4/4,FALSE,cultural,3,3,89.6,0.541
3_4_cultural_3_4.wav,Lyria,3/4,3/4,3/4,TRUE,cultural,3,4,117.6,0.4952
3_4_cultural_3_5.wav,Lyria,4/4,3/4,4/4,FALSE,cultural,3,5,120.0,0.4161
3_4_cultural_4_1.wav,Lyria,3/4,3/4,3/4,TRUE,cultural,4,1,181.8,0.5266
3_4_cultural_4_2.wav,Lyria,3/4,3/4,3/4,TRUE,cultural,4,2,181.8,0.3486
3_4_cultural_4_3.wav,Lyria,3/4,3/4,3/4,TRUE,cultural,4,3,176.5,0.5411
3_4_cultural_4_4.wav,Lyria,3/4,3/4,3/4,TRUE,cultural,4,4,176.5,0.4653
3_4_cultural_4_5.wav,Lyria,6/8,3/4,3/4,TRUE,cultural,4,5,90.9,0.594
3_4_cultural_5_1.wav,Lyria,4/4,3/4,4/4,FALSE,cultural,5,1,59.4,0.3609
3_4_cultural_5_2.wav,Lyria,3/4,3/4,3/4,TRUE,cultural,5,2,120.0,0.4096
3_4_cultural_5_3.wav,Lyria,4/4,3/4,4/4,FALSE,cultural,5,3,120.0,0.657
3_4_cultural_5_4.wav,Lyria,3/4,3/4,3/4,TRUE,cultural,5,4,89.6,0.6389
3_4_cultural_5_5.wav,Lyria,3/4,3/4,3/4,TRUE,cultural,5,5,89.6,0.5384
3_4_formal_1_1.wav,Lyria,6/8,3/4,2/4,FALSE,formal,1,1,58.8,0.2793
3_4_formal_1_2.wav,Lyria,4/4,3/4,4/4,FALSE,formal,1,2,89.6,0.3727
3_4_formal_1_3.wav,Lyria,4/4,3/4,4/4,FALSE,formal,1,3,90.9,0.4242
3_4_formal_1_4.wav,Lyria,3/4,3/4,3/4,TRUE,formal,1,4,89.6,0.6526
3_4_formal_1_5.wav,Lyria,4/4,3/4,2/4,FALSE,formal,1,5,65.2,0.4027
3_4_formal_2_1.wav,Lyria,3/4,3/4,3/4,TRUE,formal,2,1,181.8,0.4746
3_4_formal_2_2.wav,Lyria,3/4,3/4,3/4,TRUE,formal,2,2,89.6,0.616
3_4_formal_2_3.wav,Lyria,4/4,3/4,2/4,FALSE,formal,2,3,58.3,0.6616
3_4_formal_2_4.wav,Lyria,3/4,3/4,3/4,TRUE,formal,2,4,89.6,0.5155
3_4_formal_2_5.wav,Lyria,3/4,3/4,3/4,TRUE,formal,2,5,89.6,0.5591
3_4_formal_3_1.wav,Lyria,4/4,3/4,4/4,FALSE,formal,3,1,89.6,0.4487
3_4_formal_3_2.wav,Lyria,4/4,3/4,4/4,FALSE,formal,3,2,89.6,0.7593
3_4_formal_3_3.wav,Lyria,4/4,3/4,4/4,FALSE,formal,3,3,89.6,0.6724
3_4_formal_3_4.wav,Lyria,4/4,3/4,4/4,FALSE,formal,3,4,89.6,0.4741
3_4_formal_3_5.wav,Lyria,4/4,3/4,4/4,FALSE,formal,3,5,89.6,0.7076
3_4_formal_4_1.wav,Lyria,4/4,3/4,4/4,FALSE,formal,4,1,142.9,0.3738
3_4_formal_4_2.wav,Lyria,3/4,3/4,3/4,TRUE,formal,4,2,88.2,0.2878
3_4_formal_4_3.wav,Lyria,3/4,3/4,3/4,TRUE,formal,4,3,176.5,0.5189
3_4_formal_4_4.wav,Lyria,3/4,3/4,3/4,TRUE,formal,4,4,193.5,0.5469
3_4_formal_4_5.wav,Lyria,3/4,3/4,3/4,TRUE,formal,4,5,90.9,0.3689
3_4_formal_5_1.wav,Lyria,4/4,3/4,4/4,FALSE,formal,5,1,90.9,0.4647
3_4_formal_5_2.wav,Lyria,4/4,3/4,4/4,FALSE,formal,5,2,89.6,0.5963
3_4_formal_5_3.wav,Lyria,3/4,3/4,3/4,TRUE,formal,5,3,60.0,0.654
3_4_formal_5_4.wav,Lyria,3/4,3/4,3/4,TRUE,formal,5,4,90.9,0.5549
3_4_formal_5_5.wav,Lyria,0,3/4,4/4,FALSE,formal,5,5,60.3,0.6515
4_4_cultural_1_1.wav,Lyria,4/4,4/4,4/4,TRUE,cultural,1,1,120.0,0.9467
4_4_cultural_1_2.wav,Lyria,4/4,4/4,4/4,TRUE,cultural,1,2,120.0,0.9138
4_4_cultural_1_3.wav,Lyria,4/4,4/4,4/4,TRUE,cultural,1,3,120.0,0.8344
4_4_cultural_1_4.wav,Lyria,4/4,4/4,4/4,TRUE,cultural,1,4,120.0,0.8251
4_4_cultural_1_5.wav,Lyria,4/4,4/4,4/4,TRUE,cultural,1,5,120.0,0.6529
4_4_cultural_2_1.wav,Lyria,4/4,4/4,4/4,TRUE,cultural,2,1,136.4,0.6275
4_4_cultural_2_2.wav,Lyria,4/4,4/4,4/4,TRUE,cultural,2,2,136.4,0.5112
4_4_cultural_2_3.wav,Lyria,4/4,4/4,4/4,TRUE,cultural,2,3,130.4,0.4357
4_4_cultural_2_4.wav,Lyria,4/4,4/4,4/4,TRUE,cultural,2,4,133.3,0.6203
4_4_cultural_2_5.wav,Lyria,4/4,4/4,4/4,TRUE,cultural,2,5,136.4,0.8329
4_4_cultural_3_1.wav,Lyria,4/4,4/4,4/4,TRUE,cultural,3,1,139.5,0.6652
4_4_cultural_3_2.wav,Lyria,4/4,4/4,4/4,TRUE,cultural,3,2,139.5,0.9533
4_4_cultural_3_3.wav,Lyria,4/4,4/4,4/4,TRUE,cultural,3,3,139.5,0.6686
4_4_cultural_3_4.wav,Lyria,4/4,4/4,4/4,TRUE,cultural,3,4,139.5,0.8564
4_4_cultural_3_5.wav,Lyria,4/4,4/4,4/4,TRUE,cultural,3,5,139.5,0.8331
4_4_cultural_4_1.wav,Lyria,4/4,4/4,4/4,TRUE,cultural,4,1,120.0,0.922
4_4_cultural_4_2.wav,Lyria,4/4,4/4,4/4,TRUE,cultural,4,2,120.0,0.9406
4_4_cultural_4_3.wav,Lyria,4/4,4/4,4/4,TRUE,cultural,4,3,120.0,0.9347
4_4_cultural_4_4.wav,Lyria,4/4,4/4,4/4,TRUE,cultural,4,4,120.0,0.8929
4_4_cultural_4_5.wav,Lyria,4/4,4/4,4/4,TRUE,cultural,4,5,120.0,0.9048
4_4_cultural_5_1.wav,Lyria,4/4,4/4,4/4,TRUE,cultural,5,1,141.2,0.8848
4_4_cultural_5_2.wav,Lyria,4/4,4/4,4/4,TRUE,cultural,5,2,139.5,0.876
4_4_cultural_5_3.wav,Lyria,4/4,4/4,4/4,TRUE,cultural,5,3,127.7,0.7006
4_4_cultural_5_4.wav,Lyria,4/4,4/4,4/4,TRUE,cultural,5,4,133.3,0.8024
4_4_cultural_5_5.wav,Lyria,4/4,4/4,4/4,TRUE,cultural,5,5,142.9,0.8325
4_4_formal_1_1.wav,Lyria,4/4,4/4,4/4,TRUE,formal,1,1,127.7,0.6097
4_4_formal_1_2.wav,Lyria,4/4,4/4,4/4,TRUE,formal,1,2,127.7,0.7173
4_4_formal_1_3.wav,Lyria,4/4,4/4,4/4,TRUE,formal,1,3,127.7,0.6287
4_4_formal_1_4.wav,Lyria,4/4,4/4,4/4,TRUE,formal,1,4,127.7,0.6722
4_4_formal_1_5.wav,Lyria,4/4,4/4,4/4,TRUE,formal,1,5,120.0,0.9013
4_4_formal_2_1.wav,Lyria,4/4,4/4,4/4,TRUE,formal,2,1,127.7,0.5387
4_4_formal_2_2.wav,Lyria,4/4,4/4,4/4,TRUE,formal,2,2,127.7,0.5633
4_4_formal_2_3.wav,Lyria,4/4,4/4,4/4,TRUE,formal,2,3,130.4,0.5271
4_4_formal_2_4.wav,Lyria,4/4,4/4,4/4,TRUE,formal,2,4,127.7,0.9131
4_4_formal_2_5.wav,Lyria,4/4,4/4,4/4,TRUE,formal,2,5,127.7,0.6528
4_4_formal_3_1.wav,Lyria,4/4,4/4,4/4,TRUE,formal,3,1,127.7,0.8169
4_4_formal_3_2.wav,Lyria,4/4,4/4,4/4,TRUE,formal,3,2,127.7,0.9408
4_4_formal_3_3.wav,Lyria,4/4,4/4,4/4,TRUE,formal,3,3,127.7,0.7366
4_4_formal_3_4.wav,Lyria,4/4,4/4,4/4,TRUE,formal,3,4,127.7,0.9217
4_4_formal_3_5.wav,Lyria,4/4,4/4,4/4,TRUE,formal,3,5,127.7,0.7211
4_4_formal_4_1.wav,Lyria,4/4,4/4,4/4,TRUE,formal,4,1,120.0,0.6434
4_4_formal_4_2.wav,Lyria,4/4,4/4,4/4,TRUE,formal,4,2,120.0,0.893
4_4_formal_4_3.wav,Lyria,4/4,4/4,4/4,TRUE,formal,4,3,120.0,0.7678
4_4_formal_4_4.wav,Lyria,4/4,4/4,4/4,TRUE,formal,4,4,120.0,0.9072
4_4_formal_4_5.wav,Lyria,4/4,4/4,4/4,TRUE,formal,4,5,120.0,0.9121
4_4_formal_5_1.wav,Lyria,4/4,4/4,4/4,TRUE,formal,5,1,96.8,0.9219
4_4_formal_5_2.wav,Lyria,4/4,4/4,4/4,TRUE,formal,5,2,100.0,0.9194
4_4_formal_5_3.wav,Lyria,4/4,4/4,4/4,TRUE,formal,5,3,100.0,0.8271
4_4_formal_5_4.wav,Lyria,4/4,4/4,4/4,TRUE,formal,5,4,100.0,0.7642
4_4_formal_5_5.wav,Lyria,4/4,4/4,4/4,TRUE,formal,5,5,89.6,0.8379
5_4_cultural_1_1.wav,Lyria,4/4,5/4,4/4,FALSE,cultural,1,1,171.4,0.5323
5_4_cultural_1_2.wav,Lyria,4/4,5/4,4/4,FALSE,cultural,1,2,171.4,0.645
5_4_cultural_1_3.wav,Lyria,4/4,5/4,4/4,FALSE,cultural,1,3,171.4,0.6751
5_4_cultural_1_4.wav,Lyria,4/4,5/4,4/4,FALSE,cultural,1,4,171.4,0.4494
5_4_cultural_1_5.wav,Lyria,2/4,5/4,6/8,FALSE,cultural,1,5,171.4,0.4987
5_4_cultural_2_1.wav,Lyria,4/4,5/4,6/8,FALSE,cultural,2,1,120.0,0.4632
5_4_cultural_2_2.wav,Lyria,4/4,5/4,4/4,FALSE,cultural,2,2,139.5,0.7598
5_4_cultural_2_3.wav,Lyria,4/4,5/4,4/4,FALSE,cultural,2,3,200.0,0.7685
5_4_cultural_2_4.wav,Lyria,4/4,5/4,4/4,FALSE,cultural,2,4,139.5,0.9108
5_4_cultural_2_5.wav,Lyria,4/4,5/4,4/4,FALSE,cultural,2,5,120.0,0.7805
5_4_cultural_3_1.wav,Lyria,4/4,5/4,4/4,FALSE,cultural,3,1,171.4,0.7295
5_4_cultural_3_2.wav,Lyria,2/4,5/4,6/8,FALSE,cultural,3,2,171.4,0.4592
5_4_cultural_3_3.wav,Lyria,2/4,5/4,4/4,FALSE,cultural,3,3,171.4,0.826
5_4_cultural_3_4.wav,Lyria,4/4,5/4,4/4,FALSE,cultural,3,4,171.4,0.778
5_4_cultural_3_5.wav,Lyria,4/4,5/4,4/4,FALSE,cultural,3,5,171.4,0.7182
5_4_cultural_4_1.wav,Lyria,2/4,5/4,6/8,FALSE,cultural,4,1,150.0,0.688
5_4_cultural_4_2.wav,Lyria,4/4,5/4,4/4,FALSE,cultural,4,2,150.0,0.5684
5_4_cultural_4_3.wav,Lyria,4/4,5/4,4/4,FALSE,cultural,4,3,150.0,0.5143
5_4_cultural_4_4.wav,Lyria,2/4,5/4,6/8,FALSE,cultural,4,4,150.0,0.3659
5_4_cultural_4_5.wav,Lyria,2/4,5/4,6/8,FALSE,cultural,4,5,150.0,0.3551
5_4_cultural_5_1.wav,Lyria,4/4,5/4,4/4,FALSE,cultural,5,1,100.0,0.6693
5_4_cultural_5_2.wav,Lyria,4/4,5/4,4/4,FALSE,cultural,5,2,120.0,0.6752
5_4_cultural_5_3.wav,Lyria,4/4,5/4,4/4,FALSE,cultural,5,3,100.0,0.8251
5_4_cultural_5_4.wav,Lyria,4/4,5/4,4/4,FALSE,cultural,5,4,100.0,0.6708
5_4_cultural_5_5.wav,Lyria,4/4,5/4,4/4,FALSE,cultural,5,5,100.0,0.7256
5_4_formal_1_1.wav,Lyria,4/4,5/4,4/4,FALSE,formal,1,1,100.0,0.4851
5_4_formal_1_2.wav,Lyria,0,5/4,5/4,TRUE,formal,1,2,66.7,0.5629
5_4_formal_1_3.wav,Lyria,0,5/4,6/8,FALSE,formal,1,3,100.0,0.3624
5_4_formal_1_4.wav,Lyria,4/4,5/4,4/4,FALSE,formal,1,4,101.7,0.5663
5_4_formal_1_5.wav,Lyria,4/4,5/4,4/4,FALSE,formal,1,5,100.0,0.6494
5_4_formal_2_1.wav,Lyria,4/4,5/4,4/4,FALSE,formal,2,1,139.5,0.9456
5_4_formal_2_2.wav,Lyria,4/4,5/4,4/4,FALSE,formal,2,2,120.0,0.8691
5_4_formal_2_3.wav,Lyria,4/4,5/4,4/4,FALSE,formal,2,3,139.5,0.819
5_4_formal_2_4.wav,Lyria,4/4,5/4,4/4,FALSE,formal,2,4,120.0,0.9384
5_4_formal_2_5.wav,Lyria,4/4,5/4,4/4,FALSE,formal,2,5,139.5,0.8161
5_4_formal_3_1.wav,Lyria,4/4,5/4,6/8,FALSE,formal,3,1,100.0,0.3886
5_4_formal_3_2.wav,Lyria,4/4,5/4,4/4,FALSE,formal,3,2,100.0,0.4421
5_4_formal_3_3.wav,Lyria,4/4,5/4,4/4,FALSE,formal,3,3,100.0,0.6237
5_4_formal_3_4.wav,Lyria,4/4,5/4,4/4,FALSE,formal,3,4,200.0,0.5508
5_4_formal_3_5.wav,Lyria,4/4,5/4,4/4,FALSE,formal,3,5,100.0,0.6222
5_4_formal_4_1.wav,Lyria,4/4,5/4,4/4,FALSE,formal,4,1,120.0,0.8139
5_4_formal_4_2.wav,Lyria,4/4,5/4,6/8,FALSE,formal,4,2,120.0,0.6359
5_4_formal_4_3.wav,Lyria,4/4,5/4,4/4,FALSE,formal,4,3,120.0,0.5304
5_4_formal_4_4.wav,Lyria,4/4,5/4,6/8,FALSE,formal,4,4,120.0,0.4366
5_4_formal_4_5.wav,Lyria,4/4,5/4,4/4,FALSE,formal,4,5,120.0,0.7524
5_4_formal_5_1.wav,Lyria,4/4,5/4,4/4,FALSE,formal,5,1,120.0,0.7199
5_4_formal_5_2.wav,Lyria,4/4,5/4,4/4,FALSE,formal,5,2,100.0,0.7026
5_4_formal_5_3.wav,Lyria,4/4,5/4,6/8,FALSE,formal,5,3,181.8,0.3929
5_4_formal_5_4.wav,Lyria,4/4,5/4,4/4,FALSE,formal,5,4,100.0,0.6889
5_4_formal_5_5.wav,Lyria,4/4,5/4,4/4,FALSE,formal,5,5,100.0,0.6749
6_8_cultural_1_1.wav,Lyria,2/4,6/8,6/8,TRUE,cultural,1,1,120.0,0.6626
6_8_cultural_1_2.wav,Lyria,2/4,6/8,2/4,FALSE,cultural,1,2,120.0,0.6718
6_8_cultural_1_3.wav,Lyria,2/4,6/8,4/4,FALSE,cultural,1,3,120.0,0.6081
6_8_cultural_1_4.wav,Lyria,2/4,6/8,4/4,FALSE,cultural,1,4,120.0,0.6195
6_8_cultural_1_5.wav,Lyria,2/4,6/8,6/8,TRUE,cultural,1,5,120.0,0.6209
6_8_cultural_2_1.wav,Lyria,4/4,6/8,4/4,FALSE,cultural,2,1,150.0,0.8583
6_8_cultural_2_2.wav,Lyria,6/8,6/8,6/8,TRUE,cultural,2,2,150.0,0.7467
6_8_cultural_2_3.wav,Lyria,4/4,6/8,4/4,FALSE,cultural,2,3,150.0,0.9095
6_8_cultural_2_4.wav,Lyria,4/4,6/8,4/4,FALSE,cultural,2,4,150.0,0.5469
6_8_cultural_2_5.wav,Lyria,4/4,6/8,4/4,FALSE,cultural,2,5,150.0,0.9021
6_8_cultural_3_1.wav,Lyria,6/8,6/8,3/4,FALSE,cultural,3,1,120.0,0.4386
6_8_cultural_3_2.wav,Lyria,4/4,6/8,4/4,FALSE,cultural,3,2,120.0,0.4227
6_8_cultural_3_3.wav,Lyria,4/4,6/8,4/4,FALSE,cultural,3,3,120.0,0.3373
6_8_cultural_3_4.wav,Lyria,4/4,6/8,4/4,FALSE,cultural,3,4,120.0,0.5346
6_8_cultural_3_5.wav,Lyria,4/4,6/8,2/4,FALSE,cultural,3,5,63.8,0.4228
6_8_cultural_4_1.wav,Lyria,4/4,6/8,4/4,FALSE,cultural,4,1,133.3,0.5176
6_8_cultural_4_2.wav,Lyria,4/4,6/8,4/4,FALSE,cultural,4,2,120.0,0.7772
6_8_cultural_4_3.wav,Lyria,4/4,6/8,4/4,FALSE,cultural,4,3,120.0,0.875
6_8_cultural_4_4.wav,Lyria,4/4,6/8,4/4,FALSE,cultural,4,4,120.0,0.7828
6_8_cultural_4_5.wav,Lyria,4/4,6/8,4/4,FALSE,cultural,4,5,120.0,0.4495
6_8_cultural_5_1.wav,Lyria,6/8,6/8,6/8,TRUE,cultural,5,1,150.0,0.5664
6_8_cultural_5_2.wav,Lyria,4/4,6/8,6/8,TRUE,cultural,5,2,157.9,0.5045
6_8_cultural_5_3.wav,Lyria,4/4,6/8,6/8,TRUE,cultural,5,3,162.2,0.3585
6_8_cultural_5_4.wav,Lyria,4/4,6/8,6/8,TRUE,cultural,5,4,171.4,0.4636
6_8_cultural_5_5.wav,Lyria,4/4,6/8,6/8,TRUE,cultural,5,5,162.2,0.3704
6_8_formal_1_1.wav,Lyria,4/4,6/8,4/4,FALSE,formal,1,1,120.0,0.7412
6_8_formal_1_2.wav,Lyria,4/4,6/8,5/4,FALSE,formal,1,2,120.0,0.6868
6_8_formal_1_3.wav,Lyria,4/4,6/8,4/4,FALSE,formal,1,3,120.0,0.5726
6_8_formal_1_4.wav,Lyria,2/4,6/8,2/4,FALSE,formal,1,4,120.0,0.5203
6_8_formal_1_5.wav,Lyria,4/4,6/8,4/4,FALSE,formal,1,5,120.0,0.7823
6_8_formal_2_1.wav,Lyria,6/8,6/8,6/8,TRUE,formal,2,1,150.0,0.7809
6_8_formal_2_2.wav,Lyria,4/4,6/8,4/4,FALSE,formal,2,2,120.0,0.6199
6_8_formal_2_3.wav,Lyria,4/4,6/8,4/4,FALSE,formal,2,3,150.0,0.7263
6_8_formal_2_4.wav,Lyria,3/4,6/8,6/8,TRUE,formal,2,4,150.0,0.8041
6_8_formal_2_5.wav,Lyria,4/4,6/8,4/4,FALSE,formal,2,5,150.0,0.8464
6_8_formal_3_1.wav,Lyria,4/4,6/8,2/4,FALSE,formal,3,1,63.5,0.4902
6_8_formal_3_2.wav,Lyria,4/4,6/8,2/4,FALSE,formal,3,2,64.5,0.4664
6_8_formal_3_3.wav,Lyria,4/4,6/8,4/4,FALSE,formal,3,3,95.2,0.3955
6_8_formal_3_4.wav,Lyria,4/4,6/8,2/4,FALSE,formal,3,4,60.0,0.6418
6_8_formal_3_5.wav,Lyria,4/4,6/8,4/4,FALSE,formal,3,5,89.6,0.4952
6_8_formal_4_1.wav,Lyria,4/4,6/8,4/4,FALSE,formal,4,1,120.0,0.7711
6_8_formal_4_2.wav,Lyria,4/4,6/8,6/8,TRUE,formal,4,2,133.3,0.5169
6_8_formal_4_3.wav,Lyria,4/4,6/8,2/4,FALSE,formal,4,3,120.0,0.5782
6_8_formal_4_4.wav,Lyria,4/4,6/8,4/4,FALSE,formal,4,4,133.3,0.6848
6_8_formal_4_5.wav,Lyria,4/4,6/8,4/4,FALSE,formal,4,5,120.0,0.7827
6_8_formal_5_1.wav,Lyria,4/4,6/8,4/4,FALSE,formal,5,1,120.0,0.3607
6_8_formal_5_2.wav,Lyria,6/8,6/8,6/8,TRUE,formal,5,2,142.9,0.4384
6_8_formal_5_3.wav,Lyria,4/4,6/8,4/4,FALSE,formal,5,3,120.0,0.5787
6_8_formal_5_4.wav,Lyria,6/8,6/8,6/8,TRUE,formal,5,4,133.3,0.7164
6_8_formal_5_5.wav,Lyria,4/4,6/8,4/4,FALSE,formal,5,5,133.3,0.7103