filename,model,desired_time_sig,actual_time_sig,correct,prompt_type,prompt_num,run,tempo,confidence
2_4_cultural_1_1.wav,MusicGen,2/4,4/4,False,cultural,1,1,120.0,0.6659
2_4_cultural_1_2.wav,MusicGen,2/4,4/4,False,cultural,1,2,162.2,0.4715
2_4_cultural_1_3.wav,MusicGen,2/4,4/4,False,cultural,1,3,181.8,0.6
2_4_cultural_1_4.wav,MusicGen,2/4,4/4,False,cultural,1,4,109.1,0.4058
2_4_cultural_1_5.wav,MusicGen,2/4,3/4,False,cultural,1,5,121.2,0.28
2_4_cultural_2_1.wav,MusicGen,2/4,4/4,False,cultural,2,1,150.0,0.4118
2_4_cultural_2_2.wav,MusicGen,2/4,4/4,False,cultural,2,2,146.3,0.4105
2_4_cultural_2_3.wav,MusicGen,2/4,4/4,False,cultural,2,3,127.7,0.4632
2_4_cultural_2_4.wav,MusicGen,2/4,4/4,False,cultural,2,4,153.8,0.4102
2_4_cultural_2_5.wav,MusicGen,2/4,4/4,False,cultural,2,5,98.4,0.4154
2_4_cultural_3_1.wav,MusicGen,2/4,4/4,False,cultural,3,1,146.3,0.3439
2_4_cultural_3_2.wav,MusicGen,2/4,4/4,False,cultural,3,2,127.7,0.3015
2_4_cultural_3_3.wav,MusicGen,2/4,4/4,False,cultural,3,3,142.9,0.2693
2_4_cultural_3_4.wav,MusicGen,2/4,4/4,False,cultural,3,4,113.2,0.2644
2_4_cultural_3_5.wav,MusicGen,2/4,4/4,False,cultural,3,5,139.5,0.33
2_4_cultural_4_1.wav,MusicGen,2/4,4/4,False,cultural,4,1,120.0,0.6596
2_4_cultural_4_2.wav,MusicGen,2/4,4/4,False,cultural,4,2,95.2,0.4162
2_4_cultural_4_3.wav,MusicGen,2/4,4/4,False,cultural,4,3,120.0,0.7401
2_4_cultural_4_4.wav,MusicGen,2/4,3/4,False,cultural,4,4,89.6,0.7439
2_4_cultural_4_5.wav,MusicGen,2/4,4/4,False,cultural,4,5,120.0,0.4632
2_4_cultural_5_1.wav,MusicGen,2/4,4/4,False,cultural,5,1,171.4,0.422
2_4_cultural_5_2.wav,MusicGen,2/4,4/4,False,cultural,5,2,105.3,0.4531
2_4_cultural_5_3.wav,MusicGen,2/4,4/4,False,cultural,5,3,139.5,0.5224
2_4_cultural_5_4.wav,MusicGen,2/4,4/4,False,cultural,5,4,139.5,0.4202
2_4_cultural_5_5.wav,MusicGen,2/4,4/4,False,cultural,5,5,200.0,0.3811
2_4_formal_1_1.wav,MusicGen,2/4,4/4,False,formal,1,1,130.4,0.8188
2_4_formal_1_2.wav,MusicGen,2/4,4/4,False,formal,1,2,181.8,0.6255
2_4_formal_1_3.wav,MusicGen,2/4,4/4,False,formal,1,3,120.0,0.7478
2_4_formal_1_4.wav,MusicGen,2/4,4/4,False,formal,1,4,200.0,0.3456
2_4_formal_1_5.wav,MusicGen,2/4,4/4,False,formal,1,5,162.2,0.6203
2_4_formal_2_1.wav,MusicGen,2/4,4/4,False,formal,2,1,176.5,0.3577
2_4_formal_2_2.wav,MusicGen,2/4,4/4,False,formal,2,2,79.5,0.1242
2_4_formal_2_3.wav,MusicGen,2/4,4/4,False,formal,2,3,187.5,0.3563
2_4_formal_2_4.wav,MusicGen,2/4,4/4,False,formal,2,4,65.9,0.2374
2_4_formal_2_5.wav,MusicGen,2/4,4/4,False,formal,2,5,162.2,0.2853
2_4_formal_3_1.wav,MusicGen,2/4,2/4,True,formal,3,1,111.1,0.536
2_4_formal_3_2.wav,MusicGen,2/4,4/4,False,formal,3,2,181.8,0.3848
2_4_formal_3_3.wav,MusicGen,2/4,3/4,False,formal,3,3,139.5,0.5042
2_4_formal_3_4.wav,MusicGen,2/4,4/4,False,formal,3,4,75.9,0.5351
2_4_formal_3_5.wav,MusicGen,2/4,4/4,False,formal,3,5,113.2,0.2939
2_4_formal_4_1.wav,MusicGen,2/4,3/4,False,formal,4,1,181.8,0.4674
2_4_formal_4_2.wav,MusicGen,2/4,4/4,False,formal,4,2,100.0,0.4824
2_4_formal_4_3.wav,MusicGen,2/4,4/4,False,formal,4,3,110.1,0.6637
2_4_formal_4_4.wav,MusicGen,2/4,3/4,False,formal,4,4,187.5,0.5196
2_4_formal_4_5.wav,MusicGen,2/4,3/4,False,formal,4,5,171.4,0.5489
2_4_formal_5_1.wav,MusicGen,2/4,3/4,False,formal,5,1,150.0,0.4099
2_4_formal_5_2.wav,MusicGen,2/4,4/4,False,formal,5,2,193.5,0.3946
2_4_formal_5_3.wav,MusicGen,2/4,4/4,False,formal,5,3,115.4,0.2984
2_4_formal_5_4.wav,MusicGen,2/4,4/4,False,formal,5,4,95.2,0.2686
2_4_formal_5_5.wav,MusicGen,2/4,3/4,False,formal,5,5,71.0,0.2131
3_4_cultural_1_1.wav,MusicGen,3/4,3/4,True,cultural,1,1,171.4,0.3377
3_4_cultural_1_2.wav,MusicGen,3/4,3/4,True,cultural,1,2,171.4,0.3617
3_4_cultural_1_3.wav,MusicGen,3/4,4/4,False,cultural,1,3,83.3,0.3553
3_4_cultural_1_4.wav,MusicGen,3/4,4/4,False,cultural,1,4,71.4,0.3535
3_4_cultural_1_5.wav,MusicGen,3/4,3/4,True,cultural,1,5,88.2,0.3938
3_4_cultural_2_1.wav,MusicGen,3/4,3/4,True,cultural,2,1,60.0,0.3388
3_4_cultural_2_2.wav,MusicGen,3/4,3/4,True,cultural,2,2,120.0,0.6071
3_4_cultural_2_3.wav,MusicGen,3/4,3/4,True,cultural,2,3,117.6,0.3573
3_4_cultural_2_4.wav,MusicGen,3/4,3/4,True,cultural,2,4,115.4,0.3971
3_4_cultural_2_5.wav,MusicGen,3/4,3/4,True,cultural,2,5,122.4,0.4478
3_4_cultural_3_1.wav,MusicGen,3/4,3/4,True,cultural,3,1,98.4,0.4568
3_4_cultural_3_2.wav,MusicGen,3/4,4/4,False,cultural,3,2,98.4,0.2017
3_4_cultural_3_3.wav,MusicGen,3/4,4/4,False,cultural,3,3,187.5,0.5108
3_4_cultural_3_4.wav,MusicGen,3/4,3/4,True,cultural,3,4,100.0,0.5354
3_4_cultural_3_5.wav,MusicGen,3/4,3/4,True,cultural,3,5,95.2,0.5207
3_4_cultural_4_1.wav,MusicGen,3/4,3/4,True,cultural,4,1,162.2,0.5127
3_4_cultural_4_2.wav,MusicGen,3/4,3/4,True,cultural,4,2,92.3,0.6812
3_4_cultural_4_3.wav,MusicGen,3/4,3/4,True,cultural,4,3,82.2,0.6863
3_4_cultural_4_4.wav,MusicGen,3/4,3/4,True,cultural,4,4,130.4,0.4826
3_4_cultural_4_5.wav,MusicGen,3/4,3/4,True,cultural,4,5,181.8,0.5116
3_4_cultural_5_1.wav,MusicGen,3/4,4/4,False,cultural,5,1,77.9,0.3598
3_4_cultural_5_2.wav,MusicGen,3/4,4/4,False,cultural,5,2,75.0,0.4014
3_4_cultural_5_3.wav,MusicGen,3/4,3/4,True,cultural,5,3,139.5,0.353
3_4_cultural_5_4.wav,MusicGen,3/4,3/4,True,cultural,5,4,75.9,0.2396
3_4_cultural_5_5.wav,MusicGen,3/4,4/4,False,cultural,5,5,57.7,0.4176
3_4_formal_1_1.wav,MusicGen,3/4,4/4,False,formal,1,1,66.3,0.3099
3_4_formal_1_2.wav,MusicGen,3/4,4/4,False,formal,1,2,92.3,0.137
3_4_formal_1_3.wav,MusicGen,3/4,3/4,True,formal,1,3,98.4,0.5102
3_4_formal_1_4.wav,MusicGen,3/4,3/4,True,formal,1,4,87.0,0.4318
3_4_formal_1_5.wav,MusicGen,3/4,4/4,False,formal,1,5,150.0,0.5167
3_4_formal_2_1.wav,MusicGen,3/4,4/4,False,formal,2,1,153.8,0.2053
3_4_formal_2_2.wav,MusicGen,3/4,3/4,True,formal,2,2,120.0,0.1521
3_4_formal_2_3.wav,MusicGen,3/4,3/4,True,formal,2,3,179.1,0.5953
3_4_formal_2_4.wav,MusicGen,3/4,4/4,False,formal,2,4,65.2,0.2013
3_4_formal_2_5.wav,MusicGen,3/4,4/4,False,formal,2,5,57.7,0.2442
3_4_formal_3_1.wav,MusicGen,3/4,4/4,False,formal,3,1,193.5,0.3974
3_4_formal_3_2.wav,MusicGen,3/4,3/4,True,formal,3,2,100.0,0.2969
3_4_formal_3_3.wav,MusicGen,3/4,4/4,False,formal,3,3,100.0,0.2666
3_4_formal_3_4.wav,MusicGen,3/4,4/4,False,formal,3,4,101.7,0.2429
3_4_formal_3_5.wav,MusicGen,3/4,3/4,True,formal,3,5,95.2,0.3579
3_4_formal_4_1.wav,MusicGen,3/4,3/4,True,formal,4,1,107.1,0.6687
3_4_formal_4_2.wav,MusicGen,3/4,3/4,True,formal,4,2,96.8,0.5239
3_4_formal_4_3.wav,MusicGen,3/4,3/4,True,formal,4,3,162.2,0.4123
3_4_formal_4_4.wav,MusicGen,3/4,3/4,True,formal,4,4,105.3,0.3351
3_4_formal_4_5.wav,MusicGen,3/4,3/4,True,formal,4,5,95.2,0.342
3_4_formal_5_1.wav,MusicGen,3/4,3/4,True,formal,5,1,74.1,0.1897
3_4_formal_5_2.wav,MusicGen,3/4,3/4,True,formal,5,2,73.2,0.4247
3_4_formal_5_3.wav,MusicGen,3/4,4/4,False,formal,5,3,58.5,0.322
3_4_formal_5_4.wav,MusicGen,3/4,3/4,True,formal,5,4,72.3,0.2261
3_4_formal_5_5.wav,MusicGen,3/4,3/4,True,formal,5,5,56.9,0.1119
4_4_cultural_1_1.wav,MusicGen,4/4,4/4,True,cultural,1,1,120.0,0.9314
4_4_cultural_1_2.wav,MusicGen,4/4,4/4,True,cultural,1,2,120.0,0.8129
4_4_cultural_1_3.wav,MusicGen,4/4,4/4,True,cultural,1,3,122.4,0.6037
4_4_cultural_1_4.wav,MusicGen,4/4,4/4,True,cultural,1,4,122.4,0.6564
4_4_cultural_1_5.wav,MusicGen,4/4,4/4,True,cultural,1,5,127.7,0.7646
4_4_cultural_2_1.wav,MusicGen,4/4,4/4,True,cultural,2,1,136.4,0.8972
4_4_cultural_2_2.wav,MusicGen,4/4,2/4,False,cultural,2,2,120.0,0.5798
4_4_cultural_2_3.wav,MusicGen,4/4,4/4,True,cultural,2,3,127.7,0.5297
4_4_cultural_2_4.wav,MusicGen,4/4,4/4,True,cultural,2,4,136.4,0.6935
4_4_cultural_2_5.wav,MusicGen,4/4,4/4,True,cultural,2,5,127.7,0.8688
4_4_cultural_3_1.wav,MusicGen,4/4,4/4,True,cultural,3,1,162.2,0.8864
4_4_cultural_3_2.wav,MusicGen,4/4,4/4,True,cultural,3,2,171.4,0.5308
4_4_cultural_3_3.wav,MusicGen,4/4,4/4,True,cultural,3,3,136.4,0.7648
4_4_cultural_3_4.wav,MusicGen,4/4,4/4,True,cultural,3,4,157.9,0.9115
4_4_cultural_3_5.wav,MusicGen,4/4,4/4,True,cultural,3,5,146.3,0.7979
4_4_cultural_4_1.wav,MusicGen,4/4,4/4,True,cultural,4,1,120.0,0.8532
4_4_cultural_4_2.wav,MusicGen,4/4,4/4,True,cultural,4,2,120.0,0.9215
4_4_cultural_4_3.wav,MusicGen,4/4,4/4,True,cultural,4,3,120.0,0.7156
4_4_cultural_4_4.wav,MusicGen,4/4,4/4,True,cultural,4,4,120.0,0.8653
4_4_cultural_4_5.wav,MusicGen,4/4,4/4,True,cultural,4,5,113.2,0.9374
4_4_cultural_5_1.wav,MusicGen,4/4,4/4,True,cultural,5,1,127.7,0.74
4_4_cultural_5_2.wav,MusicGen,4/4,4/4,True,cultural,5,2,153.8,0.8099
4_4_cultural_5_3.wav,MusicGen,4/4,4/4,True,cultural,5,3,176.5,0.6781
4_4_cultural_5_4.wav,MusicGen,4/4,4/4,True,cultural,5,4,139.5,0.6255
4_4_cultural_5_5.wav,MusicGen,4/4,4/4,True,cultural,5,5,136.4,0.8539
4_4_formal_1_1.wav,MusicGen,4/4,4/4,True,formal,1,1,130.4,0.5863
4_4_formal_1_2.wav,MusicGen,4/4,4/4,True,formal,1,2,136.4,0.6332
4_4_formal_1_3.wav,MusicGen,4/4,2/4,False,formal,1,3,130.4,0.6322
4_4_formal_1_4.wav,MusicGen,4/4,4/4,True,formal,1,4,130.4,0.4974
4_4_formal_1_5.wav,MusicGen,4/4,4/4,True,formal,1,5,120.0,0.5483
4_4_formal_2_1.wav,MusicGen,4/4,4/4,True,formal,2,1,125.0,0.5167
4_4_formal_2_2.wav,MusicGen,4/4,4/4,True,formal,2,2,133.3,0.5981
4_4_formal_2_3.wav,MusicGen,4/4,4/4,True,formal,2,3,139.5,0.5631
4_4_formal_2_4.wav,MusicGen,4/4,4/4,True,formal,2,4,136.4,0.631
4_4_formal_2_5.wav,MusicGen,4/4,4/4,True,formal,2,5,122.4,0.4756
4_4_formal_3_1.wav,MusicGen,4/4,4/4,True,formal,3,1,166.7,0.4738
4_4_formal_3_2.wav,MusicGen,4/4,4/4,True,formal,3,2,181.8,0.7448
4_4_formal_3_3.wav,MusicGen,4/4,4/4,True,formal,3,3,139.5,0.4595
4_4_formal_3_4.wav,MusicGen,4/4,4/4,True,formal,3,4,139.5,0.6315
4_4_formal_3_5.wav,MusicGen,4/4,4/4,True,formal,3,5,146.3,0.5691
4_4_formal_4_1.wav,MusicGen,4/4,4/4,True,formal,4,1,120.0,0.7121
4_4_formal_4_2.wav,MusicGen,4/4,4/4,True,formal,4,2,125.0,0.4446
4_4_formal_4_3.wav,MusicGen,4/4,4/4,True,formal,4,3,120.0,0.5805
4_4_formal_4_4.wav,MusicGen,4/4,4/4,True,formal,4,4,127.7,0.4681
4_4_formal_4_5.wav,MusicGen,4/4,4/4,True,formal,4,5,120.0,0.5073
4_4_formal_5_1.wav,MusicGen,4/4,4/4,True,formal,5,1,113.2,0.3584
4_4_formal_5_2.wav,MusicGen,4/4,4/4,True,formal,5,2,153.8,0.5787
4_4_formal_5_3.wav,MusicGen,4/4,4/4,True,formal,5,3,63.5,0.4254
4_4_formal_5_4.wav,MusicGen,4/4,4/4,True,formal,5,4,111.1,0.6289
4_4_formal_5_5.wav,MusicGen,4/4,4/4,True,formal,5,5,120.0,0.7927
5_4_cultural_1_1.wav,MusicGen,5/4,6/8,False,cultural,1,1,150.0,0.5179
5_4_cultural_1_2.wav,MusicGen,5/4,6/8,False,cultural,1,2,63.2,0.5378
5_4_cultural_1_3.wav,MusicGen,5/4,6/8,False,cultural,1,3,109.1,0.6165
5_4_cultural_1_4.wav,MusicGen,5/4,3/4,False,cultural,1,4,70.6,0.4244
5_4_cultural_1_5.wav,MusicGen,5/4,6/8,False,cultural,1,5,120.0,0.3114
5_4_cultural_2_1.wav,MusicGen,5/4,6/8,False,cultural,2,1,157.9,0.6742
5_4_cultural_2_2.wav,MusicGen,5/4,6/8,False,cultural,2,2,162.2,0.3847
5_4_cultural_2_3.wav,MusicGen,5/4,6/8,False,cultural,2,3,153.8,0.7487
5_4_cultural_2_4.wav,MusicGen,5/4,6/8,False,cultural,2,4,136.4,0.6037
5_4_cultural_2_5.wav,MusicGen,5/4,6/8,False,cultural,2,5,171.4,0.6169
5_4_cultural_3_1.wav,MusicGen,5/4,4/4,False,cultural,3,1,139.5,0.6446
5_4_cultural_3_2.wav,MusicGen,5/4,4/4,False,cultural,3,2,115.4,0.7281
5_4_cultural_3_3.wav,MusicGen,5/4,4/4,False,cultural,3,3,120.0,0.7291
5_4_cultural_3_4.wav,MusicGen,5/4,4/4,False,cultural,3,4,109.1,0.9317
5_4_cultural_3_5.wav,MusicGen,5/4,4/4,False,cultural,3,5,103.4,0.7969
5_4_cultural_4_1.wav,MusicGen,5/4,6/8,False,cultural,4,1,78.9,0.2056
5_4_cultural_4_2.wav,MusicGen,5/4,4/4,False,cultural,4,2,166.7,0.4406
5_4_cultural_4_3.wav,MusicGen,5/4,6/8,False,cultural,4,3,157.9,0.1817
5_4_cultural_4_4.wav,MusicGen,5/4,6/8,False,cultural,4,4,157.9,0.3602
5_4_cultural_4_5.wav,MusicGen,5/4,4/4,False,cultural,4,5,181.8,0.5125
5_4_cultural_5_1.wav,MusicGen,5/4,6/8,False,cultural,5,1,133.3,0.4359
5_4_cultural_5_2.wav,MusicGen,5/4,4/4,False,cultural,5,2,122.4,0.518
5_4_cultural_5_3.wav,MusicGen,5/4,4/4,False,cultural,5,3,122.4,0.5434
5_4_cultural_5_4.wav,MusicGen,5/4,6/8,False,cultural,5,4,157.9,0.6043
5_4_cultural_5_5.wav,MusicGen,5/4,5/4,True,cultural,5,5,120.0,0.5634
5_4_formal_1_1.wav,MusicGen,5/4,6/8,False,formal,1,1,166.7,0.4739
5_4_formal_1_2.wav,MusicGen,5/4,5/4,True,formal,1,2,83.3,0.2891
5_4_formal_1_3.wav,MusicGen,5/4,6/8,False,formal,1,3,109.1,0.5106
5_4_formal_1_4.wav,MusicGen,5/4,6/8,False,formal,1,4,153.8,0.4695
5_4_formal_1_5.wav,MusicGen,5/4,6/8,False,formal,1,5,125.0,0.5284
5_4_formal_2_1.wav,MusicGen,5/4,6/8,False,formal,2,1,181.8,0.6419
5_4_formal_2_2.wav,MusicGen,5/4,6/8,False,formal,2,2,181.8,0.3802
5_4_formal_2_3.wav,MusicGen,5/4,4/4,False,formal,2,3,78.4,0.483
5_4_formal_2_4.wav,MusicGen,5/4,3/4,False,formal,2,4,96.8,0.7002
5_4_formal_2_5.wav,MusicGen,5/4,6/8,False,formal,2,5,92.3,0.786
5_4_formal_3_1.wav,MusicGen,5/4,5/4,True,formal,3,1,171.4,0.6218
5_4_formal_3_2.wav,MusicGen,5/4,6/8,False,formal,3,2,65.2,0.0989
5_4_formal_3_3.wav,MusicGen,5/4,6/8,False,formal,3,3,187.5,0.4459
5_4_formal_3_4.wav,MusicGen,5/4,6/8,False,formal,3,4,62.8,0.2628
5_4_formal_3_5.wav,MusicGen,5/4,2/4,False,formal,3,5,57.4,0.5407
5_4_formal_4_1.wav,MusicGen,5/4,6/8,False,formal,4,1,176.5,0.3556
5_4_formal_4_2.wav,MusicGen,5/4,6/8,False,formal,4,2,157.9,0.2452
5_4_formal_4_3.wav,MusicGen,5/4,6/8,False,formal,4,3,187.5,0.3027
5_4_formal_4_4.wav,MusicGen,5/4,6/8,False,formal,4,4,157.9,0.3501
5_4_formal_4_5.wav,MusicGen,5/4,6/8,False,formal,4,5,136.4,0.2311
5_4_formal_5_1.wav,MusicGen,5/4,6/8,False,formal,5,1,64.2,0.2869
5_4_formal_5_2.wav,MusicGen,5/4,6/8,False,formal,5,2,187.5,0.4836
5_4_formal_5_3.wav,MusicGen,5/4,5/4,True,formal,5,3,70.6,0.4999
5_4_formal_5_4.wav,MusicGen,5/4,6/8,False,formal,5,4,114.3,0.43
5_4_formal_5_5.wav,MusicGen,5/4,5/4,True,formal,5,5,166.7,0.422
6_8_cultural_1_1.wav,MusicGen,6/8,4/4,False,cultural,1,1,64.5,0.3967
6_8_cultural_1_2.wav,MusicGen,6/8,4/4,False,cultural,1,2,139.5,0.4249
6_8_cultural_1_3.wav,MusicGen,6/8,6/8,True,cultural,1,3,136.4,0.3684
6_8_cultural_1_4.wav,MusicGen,6/8,6/8,True,cultural,1,4,69.0,0.3673
6_8_cultural_1_5.wav,MusicGen,6/8,6/8,True,cultural,1,5,146.3,0.3288
6_8_cultural_2_1.wav,MusicGen,6/8,6/8,True,cultural,2,1,157.9,0.5282
6_8_cultural_2_2.wav,MusicGen,6/8,6/8,True,cultural,2,2,166.7,0.4225
6_8_cultural_2_3.wav,MusicGen,6/8,6/8,True,cultural,2,3,130.4,0.3386
6_8_cultural_2_4.wav,MusicGen,6/8,4/4,False,cultural,2,4,157.9,0.582
6_8_cultural_2_5.wav,MusicGen,6/8,4/4,False,cultural,2,5,157.9,0.3868
6_8_cultural_3_1.wav,MusicGen,6/8,6/8,True,cultural,3,1,136.4,0.3177
6_8_cultural_3_2.wav,MusicGen,6/8,6/8,True,cultural,3,2,76.9,0.3982
6_8_cultural_3_3.wav,MusicGen,6/8,5/4,False,cultural,3,3,67.4,0.3372
6_8_cultural_3_4.wav,MusicGen,6/8,6/8,True,cultural,3,4,65.9,0.2646
6_8_cultural_3_5.wav,MusicGen,6/8,6/8,True,cultural,3,5,139.5,0.3632
6_8_cultural_4_1.wav,MusicGen,6/8,4/4,False,cultural,4,1,111.1,0.6966
6_8_cultural_4_2.wav,MusicGen,6/8,6/8,True,cultural,4,2,111.1,0.5296
6_8_cultural_4_3.wav,MusicGen,6/8,4/4,False,cultural,4,3,111.1,0.6248
6_8_cultural_4_4.wav,MusicGen,6/8,4/4,False,cultural,4,4,117.6,0.5925
6_8_cultural_4_5.wav,MusicGen,6/8,4/4,False,cultural,4,5,107.1,0.7024
6_8_cultural_5_1.wav,MusicGen,6/8,4/4,False,cultural,5,1,100.0,0.3022
6_8_cultural_5_2.wav,MusicGen,6/8,6/8,True,cultural,5,2,95.2,0.3007
6_8_cultural_5_3.wav,MusicGen,6/8,4/4,False,cultural,5,3,100.0,0.5073
6_8_cultural_5_4.wav,MusicGen,6/8,6/8,True,cultural,5,4,153.8,0.3123
6_8_cultural_5_5.wav,MusicGen,6/8,6/8,True,cultural,5,5,98.4,0.3914
6_8_formal_1_1.wav,MusicGen,6/8,4/4,False,formal,1,1,125.0,0.4383
6_8_formal_1_2.wav,MusicGen,6/8,6/8,True,formal,1,2,206.9,0.5433
6_8_formal_1_3.wav,MusicGen,6/8,3/4,False,formal,1,3,187.5,0.4279
6_8_formal_1_4.wav,MusicGen,6/8,6/8,True,formal,1,4,193.5,0.6489
6_8_formal_1_5.wav,MusicGen,6/8,6/8,True,formal,1,5,162.2,0.5678
6_8_formal_2_1.wav,MusicGen,6/8,6/8,True,formal,2,1,109.1,0.6312
6_8_formal_2_2.wav,MusicGen,6/8,3/4,False,formal,2,2,193.5,0.5592
6_8_formal_2_3.wav,MusicGen,6/8,6/8,True,formal,2,3,171.4,0.5592
6_8_formal_2_4.wav,MusicGen,6/8,6/8,True,formal,2,4,187.5,0.5218
6_8_formal_2_5.wav,MusicGen,6/8,6/8,True,formal,2,5,193.5,0.4841
6_8_formal_3_1.wav,MusicGen,6/8,6/8,True,formal,3,1,139.5,0.2489
6_8_formal_3_2.wav,MusicGen,6/8,6/8,True,formal,3,2,171.4,0.5516
6_8_formal_3_3.wav,MusicGen,6/8,6/8,True,formal,3,3,153.8,0.4286
6_8_formal_3_4.wav,MusicGen,6/8,6/8,True,formal,3,4,89.6,0.1873
6_8_formal_3_5.wav,MusicGen,6/8,6/8,True,formal,3,5,96.8,0.4164
6_8_formal_4_1.wav,MusicGen,6/8,6/8,True,formal,4,1,162.2,0.4442
6_8_formal_4_2.wav,MusicGen,6/8,6/8,True,formal,4,2,181.8,0.6063
6_8_formal_4_3.wav,MusicGen,6/8,6/8,True,formal,4,3,187.5,0.2571
6_8_formal_4_4.wav,MusicGen,6/8,3/4,False,formal,4,4,162.2,0.606
6_8_formal_4_5.wav,MusicGen,6/8,6/8,True,formal,4,5,187.5,0.4338
6_8_formal_5_1.wav,MusicGen,6/8,6/8,True,formal,5,1,150.0,0.2528
6_8_formal_5_2.wav,MusicGen,6/8,6/8,True,formal,5,2,166.7,0.3844
6_8_formal_5_3.wav,MusicGen,6/8,3/4,False,formal,5,3,150.0,0.3275
6_8_formal_5_4.wav,MusicGen,6/8,6/8,True,formal,5,4,181.8,0.443
6_8_formal_5_5.wav,MusicGen,6/8,3/4,False,formal,5,5,153.8,0.4165
